<?xml version="1.0" encoding="UTF-8"?>
<project-private xmlns="http://www.netbeans.org/ns/project-private/1">
    <editor-bookmarks xmlns="http://www.netbeans.org/ns/editor-bookmarks/2" lastBookmarkId="0"/>
    <open-files xmlns="http://www.netbeans.org/ns/projectui-open-files/2">
        <group>
            <file>file:/C:/Users/055911/Documents/NetBeansProjects/Polimorfismo/src/polimorfismo/Sapo.java</file>
            <file>file:/C:/Users/055911/Documents/NetBeansProjects/Polimorfismo/src/polimorfismo/Polimorfismo.java</file>
            <file>file:/C:/Users/055911/Documents/NetBeansProjects/Polimorfismo/src/polimorfismo/Animal.java</file>
            <file>file:/C:/Users/055911/Documents/NetBeansProjects/Polimorfismo/src/polimorfismo/Passaro.java</file>
            <file>file:/C:/Users/055911/Documents/NetBeansProjects/Polimorfismo/src/polimorfismo/Peixe.java</file>
        </group>
    </open-files>
</project-private>
